Name,Modified
D-MIKA.bmp,13/03/2022 11:37:34
F-PDHZ.bmp,23/02/2022 17:21:55
G-CIGH.bmp,09/02/2022 16:22:55
G-CDEO.bmp,13/01/2022 16:27:10
G-BXIA.bmp,11/01/2022 18:29:53
F-PDHV.bmp,06/01/2022 16:24:01
G-FSTZ.bmp,05/01/2022 21:34:59
G-BVNU.bmp,03/01/2022 17:07:35
OO-ESV.bmp,01/01/2022 23:04:18
D-EHCB.bmp,23/12/2021 16:23:07
G-ODIP.bmp,10/12/2021 21:22:31
G-CIIK.bmp,03/12/2021 19:39:14
G-REDX.bmp,25/11/2021 19:33:44
G-EGLA.bmp,24/11/2021 15:59:27
G-HAIG.bmp,20/11/2021 19:04:10
G-BVXK.bmp,19/11/2021 12:06:49
G-TWIS.bmp,19/11/2021 12:06:48
G-BARS.bmp,14/11/2021 18:48:11
G-CEPX.bmp,05/11/2021 22:05:48
G-YELL.bmp,04/11/2021 21:34:14
G-CLJI.bmp,04/11/2021 21:34:13
G-YAKI.bmp,04/11/2021 21:34:12
G-ISDN.bmp,30/10/2021 22:10:00
G-HXTD.bmp,25/10/2021 21:27:55
G-BBAY.bmp,25/10/2021 20:53:07
2-RIOH.bmp,16/10/2021 16:46:14
2-YOLO.bmp,14/10/2021 18:09:32
G-HHPM.bmp,13/10/2021 19:54:33
G-NLEE.bmp,01/10/2021 19:52:27
N759AU.bmp,01/10/2021 19:52:27
G-PINO.bmp,01/10/2021 19:52:27
G-OBIO.bmp,01/10/2021 19:52:27
G-BFZD.bmp,01/10/2021 19:52:27
G-DVMI.bmp,30/09/2021 17:23:14
G-BWSJ.bmp,30/09/2021 17:23:14
G-BGMP.bmp,30/09/2021 17:23:14
G-CDSC.bmp,26/09/2021 14:52:29
G-BKVG.bmp,24/09/2021 18:17:59
G-NORD.bmp,24/09/2021 18:17:59
G-BJBO.bmp,28/08/2021 21:51:56
G-THIN.bmp,28/08/2021 14:42:19
G-MOOV.bmp,28/08/2021 12:37:46
N145PC.bmp,28/08/2021 12:26:32
D-GOEL.bmp,28/08/2021 11:54:11
G-HAYY.bmp,26/08/2021 21:46:45
G-ISCD.bmp,26/08/2021 21:46:44
G-TIPY.bmp,26/08/2021 21:46:44
G-ZENY.bmp,26/08/2021 21:46:44
G-BLMG.bmp,25/08/2021 18:16:41
G-BWBI.bmp,24/08/2021 21:02:58
G-SACH.bmp,24/08/2021 16:56:08
G-GURU.bmp,20/08/2021 20:16:14
G-BCIH.bmp,19/07/2021 18:32:21
G-YAKJ.bmp,28/06/2021 17:38:43
G-HECT.bmp,23/06/2021 19:29:48
G-CIST.bmp,17/06/2021 17:45:21
G-CLYA.bmp,17/06/2021 17:45:21
G-BUUJ.bmp,04/06/2021 21:28:58
G-BKJB.bmp,31/05/2021 19:27:32
G-BSSB.bmp,27/05/2021 20:47:42
G-BCBX.bmp,27/05/2021 20:28:49
N936CT.bmp,23/05/2021 16:39:36
N2445V.bmp,22/05/2021 18:16:56
G-BBZH.bmp,22/05/2021 13:55:35
G-BNSR.bmp,22/05/2021 13:03:53
G-CBHA.bmp,22/05/2021 12:04:47
G-BOKA.bmp,19/05/2021 19:46:41
G-BBDM.bmp,19/05/2021 17:17:52
G-BBRC.bmp,19/05/2021 17:17:52
G-HIJK.bmp,19/05/2021 17:17:52
G-IPEP.bmp,19/05/2021 17:17:52
G-OPSS.bmp,19/05/2021 17:17:52
G-BIYR.bmp,19/05/2021 17:17:51
G-BFMX.bmp,18/05/2021 18:40:16
G-CCND.bmp,18/05/2021 18:40:16
G-KDHI.bmp,18/05/2021 18:40:16
G-PIPZ.bmp,18/05/2021 18:40:16
N5811M.bmp,18/05/2021 18:40:15
N220AD.bmp,17/05/2021 20:16:11
2-FUNN.bmp,16/05/2021 19:47:04
G-BTFT.bmp,16/05/2021 18:00:06
N819X.bmp,16/05/2021 17:52:22
G-AKUJ.bmp,16/05/2021 16:53:44
RA-07857.bmp,16/05/2021 15:56:43
G-BACB.bmp,16/05/2021 12:30:34
N195AC.bmp,16/05/2021 11:40:35
G-GAJB.bmp,16/05/2021 10:56:05
G-OGRL.bmp,15/05/2021 15:10:03
2-DRDR.bmp,09/05/2021 13:27:27
N2273Q.bmp,08/05/2021 21:12:34
G-CLAY.bmp,08/05/2021 20:55:26
N2923N.bmp,08/05/2021 20:30:53
G-CCGU.bmp,08/05/2021 18:45:17
G-IIRG.bmp,08/05/2021 18:35:40
T7-VNR.bmp,08/05/2021 17:03:20
N669MA.bmp,07/05/2021 22:28:35
G-BSXC.bmp,07/05/2021 20:37:55
N854WA.bmp,05/05/2021 18:44:23
F-HUPE.bmp,05/05/2021 16:53:30
G-AXMA.bmp,03/05/2021 21:49:56
G-TSAS.bmp,03/05/2021 20:44:18
N715BC.bmp,03/05/2021 20:04:24
G-BXOZ.bmp,03/05/2021 18:50:54
G-BMJA.bmp,03/05/2021 18:39:17
G-AZWS.bmp,02/05/2021 21:42:05
G-BOSE.bmp,02/05/2021 21:15:51
G-BXGV.bmp,02/05/2021 21:12:17
G-BNEE.bmp,02/05/2021 18:30:39
G-CIYV.bmp,02/05/2021 18:25:39
G-CBKR.bmp,02/05/2021 17:41:37
G-ASNW.bmp,02/05/2021 17:34:37
N707SN.bmp,02/05/2021 15:36:08
G-ENKH.bmp,30/04/2021 22:14:08
G-ICOM.bmp,30/04/2021 21:47:40
N10522.bmp,30/04/2021 21:05:39
G-CHPK.bmp,29/04/2021 21:17:34
G-MPLA.bmp,29/04/2021 20:32:46
G-BRHX.bmp,29/04/2021 18:55:32
G-BFSA.bmp,27/04/2021 22:39:13
G-BSVS.bmp,27/04/2021 19:41:18
D-1155.bmp,26/04/2021 22:43:46
G-TCEE.bmp,26/04/2021 22:20:37
G-LORR.bmp,25/04/2021 20:55:23
G-ASII.bmp,25/04/2021 17:32:19
G-BXIF.bmp,25/04/2021 17:20:45
G-BTLG.bmp,25/04/2021 17:10:54
G-BMIO.bmp,25/04/2021 15:21:55
G-BOOF.bmp,24/04/2021 18:47:06
G-BNNT.bmp,24/04/2021 18:17:26
N1424C.bmp,23/04/2021 21:00:26
G-BFUB.bmp,23/04/2021 20:49:54
D-EBIE.bmp,23/04/2021 18:34:50
G-HUEW.bmp,23/04/2021 18:34:50
G-NWFS.bmp,23/04/2021 18:34:50
G-IVOR.bmp,21/04/2021 21:35:00
G-BGXD.bmp,21/04/2021 21:17:46
G-RRED.bmp,21/04/2021 20:58:13
G-VONI.bmp,21/04/2021 20:41:43
N10CD.bmp,20/04/2021 21:17:14
G-OJAG.bmp,20/04/2021 20:57:04
G-DANL.bmp,19/04/2021 22:02:56
G-CDCI.bmp,19/04/2021 21:49:10
OE-DGP.bmp,19/04/2021 21:06:56
G-NEIO.bmp,19/04/2021 20:46:03
G-SKRA.bmp,18/04/2021 18:12:21
G-MCPR.bmp,18/04/2021 15:44:04
G-XIXI.bmp,18/04/2021 14:59:56
G-CEEC.bmp,18/04/2021 14:49:50
G-OWRT.bmp,18/04/2021 14:09:57
G-BIBA.bmp,18/04/2021 13:31:35
G-PECK.bmp,17/04/2021 19:57:15
N45KB.bmp,17/04/2021 18:47:19
G-CUBA.bmp,17/04/2021 18:37:41
G-CHIP.bmp,17/04/2021 17:52:17
G-CKTB.bmp,17/04/2021 17:44:54
G-RECW.bmp,17/04/2021 17:16:08
G-OPST.bmp,17/04/2021 17:07:51
G-CIOY.bmp,17/04/2021 17:01:12
M-YTAF.bmp,17/04/2021 15:43:37
G-JUFS.bmp,17/04/2021 15:25:39
G-ZION.bmp,17/04/2021 14:20:42
G-BGWM.bmp,17/04/2021 13:32:58
G-CLRF.bmp,17/04/2021 13:29:46
G-NFLY.bmp,17/04/2021 13:22:15
G-CBTO.bmp,17/04/2021 13:03:20
N224RC.bmp,17/04/2021 12:34:51
G-DUDE.bmp,17/04/2021 12:31:44
G-CLVL.bmp,15/04/2021 20:39:41
N78GG.bmp,15/04/2021 20:15:39
N418WS.bmp,15/04/2021 12:26:42
G-CEKO.bmp,15/04/2021 12:14:36
G-SABA.bmp,15/04/2021 12:05:13
G-CORB.bmp,15/04/2021 11:28:57
G-PDSI.bmp,15/04/2021 11:19:51
G-AZEV.bmp,14/04/2021 17:11:22
G-GOSL.bmp,14/04/2021 16:42:48
OO-STU.bmp,14/04/2021 16:12:20
G-BKCC.bmp,14/04/2021 16:05:46
G-FLBY.bmp,13/04/2021 20:08:51
G-BTTY.bmp,13/04/2021 17:18:21
G-CLLU.bmp,13/04/2021 12:14:29
G-WNDR.bmp,13/04/2021 12:13:14
G-BVVM.bmp,11/04/2021 14:25:46
G-AXCA.bmp,11/04/2021 13:15:04
D-EUVH.bmp,09/04/2021 22:17:35
G-JARY.bmp,09/04/2021 22:10:16
G-BYEM.bmp,04/04/2021 22:29:25
G-LFSI.bmp,04/04/2021 21:14:30
G-BCBL.bmp,04/04/2021 21:05:21
G-IRON.bmp,04/04/2021 20:40:31
G-CJXF.bmp,04/04/2021 20:26:32
F-GRLX.bmp,04/04/2021 19:55:27
G-CKPF.bmp,03/04/2021 16:57:18
G-BWXB.bmp,03/04/2021 14:07:29
G-BGOG.bmp,03/04/2021 13:46:13
G-CEUW.bmp,02/04/2021 23:34:03
G-AYPO.bmp,02/04/2021 23:27:37
G-BOIX.bmp,02/04/2021 23:23:00
N663CD.bmp,02/04/2021 22:31:10
G-CEOC.bmp,02/04/2021 22:28:17
G-BHDX.bmp,02/04/2021 21:55:01
N1350J.bmp,02/04/2021 20:13:30
G-BZPI.bmp,02/04/2021 19:58:26
G-BOGM.bmp,02/04/2021 19:44:11
G-BNXE.bmp,02/04/2021 18:23:29
N799DS.bmp,02/04/2021 18:09:46
G-PHIZ.bmp,31/03/2021 21:47:23
G-SAPA.bmp,31/03/2021 16:33:08
G-BHXS.bmp,30/03/2021 21:24:18
N999MH.bmp,30/03/2021 21:12:02
C-GRYZ.bmp,30/03/2021 20:16:19
G-BAEN.bmp,30/03/2021 20:04:45
G-ZIVA.bmp,30/03/2021 19:50:53
G-EUFX.bmp,30/03/2021 19:44:54
N57DG.bmp,30/03/2021 17:00:29
G-OMJA.bmp,30/03/2021 16:56:27
G-OARU.bmp,09/03/2021 17:51:45
2-COOK.bmp,03/03/2021 16:04:19
N141HT.bmp,03/03/2021 13:29:56
G-BSFX.bmp,02/03/2021 18:47:59
G-BRCT.bmp,02/03/2021 18:47:59
G-MGFC.bmp,26/02/2021 19:24:34
G-EFOX.bmp,26/02/2021 19:24:34
G-ATSR.bmp,25/02/2021 19:07:52
G-KIMY.bmp,22/02/2021 19:54:50
G-ZEVS.bmp,15/02/2021 19:50:53
G-BMXB.bmp,04/02/2021 13:08:18
G-BHNK.bmp,23/01/2021 15:54:46
G-RAYB.bmp,06/12/2020 15:22:02
G-CKRZ.bmp,19/11/2020 22:16:12
G-WCKM.bmp,19/11/2020 22:10:28
G-TRTL.bmp,19/11/2020 22:00:33
G-NYNJ.bmp,19/11/2020 21:50:32
G-SNUG.bmp,19/11/2020 21:49:30
G-EMDM.bmp,19/11/2020 21:17:52
G-IJAG.bmp,19/11/2020 21:09:28
G-BHWY.bmp,19/11/2020 21:01:08
G-OMNI.bmp,19/11/2020 20:53:00
EI-VII.bmp,19/11/2020 20:37:00
G-BYEE.bmp,19/11/2020 20:26:22
G-VCML.bmp,19/11/2020 20:04:57
G-AYWD.bmp,19/11/2020 17:38:19
G-BCWB.bmp,19/11/2020 17:26:24
G-ETLX.bmp,19/11/2020 17:15:00
G-STIX.bmp,19/11/2020 16:34:55
G-IINK.bmp,19/11/2020 15:56:49
N199ZZ.bmp,19/11/2020 15:56:49
N44NE.bmp,19/11/2020 15:56:49
G-LISS.bmp,14/11/2020 21:04:43
G-CFCL.bmp,14/11/2020 20:03:35
G-CKZZ.bmp,14/11/2020 19:51:16
G-MRLS.bmp,14/11/2020 19:29:05
G-PCPC.bmp,14/11/2020 18:22:19
G-PAFF.bmp,14/11/2020 18:13:50
N56AH.bmp,05/11/2020 19:13:47
G-CFAT.bmp,04/11/2020 20:13:31
G-OBAL.bmp,22/10/2020 16:11:38
G-BAMY.bmp,22/10/2020 14:09:30
G-IZZT.bmp,09/10/2020 22:07:08
G-SELY.bmp,09/10/2020 21:44:49
G-BKBW.bmp,09/10/2020 21:15:50
G-RONS.bmp,09/10/2020 21:04:44
G-ATPT.bmp,09/10/2020 14:57:03
G-BPFI.bmp,07/10/2020 18:17:33
G-JLHS.bmp,07/10/2020 17:51:41
F-GVPY.bmp,06/10/2020 16:41:29
G-BEXW.bmp,04/10/2020 21:18:27
G-GAOM.bmp,04/10/2020 15:56:24
G-VBCA.bmp,04/10/2020 14:57:01
G-ATYS.bmp,04/10/2020 14:49:13
N3600X.bmp,04/10/2020 14:43:01
N1320S.bmp,03/10/2020 18:07:52
N982CD.bmp,03/10/2020 14:55:05
G-OZOI.bmp,03/10/2020 14:46:01
G-AWPW.bmp,03/10/2020 14:31:19
G-AVBT.bmp,03/10/2020 13:44:39
G-CIZA.bmp,29/09/2020 21:19:54
N76T.bmp,28/09/2020 20:15:01
G-EXPO.bmp,28/09/2020 19:59:21
G-CKCL.bmp,27/09/2020 20:49:14
G-BKMA.bmp,27/09/2020 20:37:45
G-CLBY.bmp,27/09/2020 20:25:34
G-OWAR.bmp,27/09/2020 20:19:58
G-FREY.bmp,27/09/2020 19:54:30
N666GA.bmp,27/09/2020 19:35:14
G-CIRI.bmp,27/09/2020 19:22:56
G-SHUG.bmp,27/09/2020 13:22:35
G-ASFL.bmp,27/09/2020 13:16:39
G-CEIZ.bmp,27/09/2020 12:49:30
N482CD.bmp,27/09/2020 12:41:13
G-OAWM.bmp,27/09/2020 12:40:55
N20TB.bmp,27/09/2020 12:38:39
G-SHRT.bmp,27/09/2020 11:54:58
2-SNOW.bmp,27/09/2020 11:28:05
N120RB.bmp,26/09/2020 21:31:53
G-CEYM.bmp,26/09/2020 21:15:49
G-LBMM.bmp,26/09/2020 20:58:28
G-TRJB.bmp,26/09/2020 18:10:52
N986JT.bmp,26/09/2020 17:39:48
G-BRBI.bmp,26/09/2020 17:35:09
G-EFJD.bmp,26/09/2020 17:23:17
G-WARO.bmp,26/09/2020 17:09:26
G-BTKX.bmp,26/09/2020 15:18:17
G-BBTY.bmp,26/09/2020 15:08:35
G-BRNT.bmp,26/09/2020 14:59:19
G-JBDH.bmp,26/09/2020 14:45:37
G-IFFR.bmp,26/09/2020 12:40:02
G-CZSC.bmp,26/09/2020 12:15:19
G-BRPK.bmp,26/09/2020 12:08:43
G-CTZO.bmp,26/09/2020 11:50:42
G-FFWD.bmp,26/09/2020 11:39:29
G-NATT.bmp,26/09/2020 11:27:40
G-EMCA.bmp,26/09/2020 11:18:02
N195AM.bmp,26/09/2020 09:50:49
G-MFOX.bmp,24/09/2020 22:24:27
G-CFLG.bmp,24/09/2020 22:12:11
G-BUVO.bmp,24/09/2020 21:56:45
G-JRSH.bmp,24/09/2020 21:45:55
G-CLAC.bmp,24/09/2020 21:29:04
G-IIRV.bmp,24/09/2020 21:17:27
G-WOWS.bmp,24/09/2020 21:06:48
G-BTRY.bmp,24/09/2020 20:57:07
N55557.bmp,24/09/2020 18:17:22
G-AZJV.bmp,24/09/2020 16:42:58
G-BFCT.bmp,24/09/2020 16:30:28
N147VC.bmp,24/09/2020 16:21:56
G-NRST.bmp,24/09/2020 16:10:00
G-ECGC.bmp,24/09/2020 14:39:36
G-KNOW.bmp,24/09/2020 14:29:09
F-HDMD.bmp,24/09/2020 14:17:38
N735FL.bmp,22/09/2020 21:50:38
N65MJ.bmp,22/09/2020 21:40:49
G-DIDO.bmp,22/09/2020 21:27:07
G-CBZR.bmp,20/09/2020 12:13:50
2-NGUT.bmp,20/09/2020 11:19:52
N508RA.bmp,19/09/2020 21:50:19
G-PHAT.bmp,19/09/2020 21:39:35
G-BJDW.bmp,19/09/2020 21:28:17
N89GH.bmp,19/09/2020 21:18:19
G-LTFB.bmp,19/09/2020 21:06:54
G-SHAR.bmp,19/09/2020 20:57:14
G-AYSX.bmp,19/09/2020 20:46:33
N8518U.bmp,19/09/2020 20:37:44
N198CM.bmp,19/09/2020 20:25:59
N558AB.bmp,19/09/2020 20:14:49
G-JOID.bmp,19/09/2020 20:06:22
G-MAIE.bmp,15/09/2020 21:00:34
G-BNRG.bmp,15/09/2020 20:44:55
N258HP.bmp,15/09/2020 20:33:57
G-BFIV.bmp,15/09/2020 20:23:09
G-AXJV.bmp,15/09/2020 20:10:46
G-AVYM.bmp,15/09/2020 19:49:24
G-BSCS.bmp,15/09/2020 19:27:11
G-RVAH.bmp,15/09/2020 18:47:56
G-OAJS.bmp,14/09/2020 21:11:19
G-CJLI.bmp,14/09/2020 21:06:30
OK-QUA 01.bmp,14/09/2020 20:47:48
G-CLJS.bmp,13/09/2020 22:42:47
G-SBDB.bmp,13/09/2020 22:35:30
G-JKPF.bmp,13/09/2020 22:22:29
2-DOGZ.bmp,13/09/2020 21:04:19
G-RVSR.bmp,13/09/2020 20:48:16
G-ILLZ.bmp,13/09/2020 20:36:56
G-CZAC.bmp,13/09/2020 19:49:22
G-NIKE.bmp,13/09/2020 17:26:34
G-CBNL.bmp,13/09/2020 17:14:29
G-RVFT.bmp,13/09/2020 16:51:43
G-TWIZ.bmp,13/09/2020 14:09:03
G-BZBF.bmp,13/09/2020 14:01:55
G-NICC.bmp,13/09/2020 13:43:18
G-BXEX.bmp,13/09/2020 13:31:39
G-BAPX.bmp,13/09/2020 13:19:39
G-HIYA.bmp,13/09/2020 13:04:18
G-CIUW.bmp,13/09/2020 12:51:54
G-DNOP.bmp,13/09/2020 12:30:42
G-CCZX.bmp,13/09/2020 11:59:10
G-PRXI.bmp,12/09/2020 20:34:46
G-RVTX.bmp,11/09/2020 19:34:23
G-MOVI.bmp,10/09/2020 22:00:03
G-BOWY.bmp,10/09/2020 21:52:08
G-TFAM.bmp,10/09/2020 21:40:52
G-PIPS.bmp,10/09/2020 21:30:38
G-BOPC.bmp,10/09/2020 20:53:46
G-BOBT.bmp,10/09/2020 20:35:58
G-HAYS.bmp,10/09/2020 20:10:25
G-BGVH.bmp,10/09/2020 19:58:09
G-BOLI.bmp,10/09/2020 19:47:53
G-CDRV.bmp,10/09/2020 19:35:52
N8153E.bmp,10/09/2020 19:21:44
G-BJAJ.bmp,10/09/2020 19:13:20
G-NXOE.bmp,10/09/2020 17:14:11
G-LOOC.bmp,10/09/2020 17:13:03
G-HLOB.bmp,10/09/2020 17:12:00
G-DBOD.bmp,10/09/2020 17:09:53
G-TIBS.bmp,10/09/2020 16:53:03
G-LDSA.bmp,10/09/2020 16:50:06
G-GHEE.bmp,10/09/2020 16:46:08
G-EGLK.bmp,10/09/2020 16:43:43
N147KB.bmp,10/09/2020 16:34:18
G-BXEZ.bmp,09/09/2020 21:37:13
G-TECH.bmp,09/09/2020 20:45:08
G-ELCH.bmp,09/09/2020 20:35:44
G-CETO.bmp,08/09/2020 21:30:42
G-BEWX.bmp,08/09/2020 20:04:13
G-TBXX.bmp,08/09/2020 19:46:43
G-CVAL.bmp,08/09/2020 18:40:48
G-BYNK.bmp,08/09/2020 18:33:08
G-JHPC.bmp,08/09/2020 17:39:47
G-JTBP.bmp,08/09/2020 17:29:47
N377C.bmp,08/09/2020 17:18:30
G-CLFY.bmp,08/09/2020 17:11:42
G-MPLB.bmp,08/09/2020 16:48:04
G-HTRL.bmp,07/09/2020 21:41:17
2-SKYZ.bmp,07/09/2020 21:05:37
G-AYSY.bmp,07/09/2020 19:30:48
G-AYOW.bmp,07/09/2020 19:28:41
N124PD.bmp,07/09/2020 19:13:33
G-ORVE.bmp,06/09/2020 20:43:09
G-BSDW.bmp,06/09/2020 20:33:19
G-CDKK.bmp,05/09/2020 20:56:34
G-BRTD.bmp,03/09/2020 21:29:47
G-ATJL.bmp,03/09/2020 21:04:44
G-BHIB.bmp,03/09/2020 20:34:01
N644MW.bmp,03/09/2020 20:19:44
G-ASEJ.bmp,03/09/2020 20:02:27
G-BXOI.bmp,03/09/2020 19:39:58
N1010W.bmp,03/09/2020 19:15:28
G-BAKW.bmp,03/09/2020 18:06:45
G-BGAJ.bmp,03/09/2020 18:01:43
G-CIFZ.bmp,03/09/2020 17:59:31
G-CPMW.bmp,03/09/2020 17:56:41
G-GCVV.bmp,03/09/2020 17:53:52
G-BASH.bmp,03/09/2020 17:51:35
G-CBTT.bmp,02/09/2020 22:13:30
G-CIJC.bmp,02/09/2020 21:45:51
N222SW.bmp,02/09/2020 21:22:30
G-BPTE.bmp,02/09/2020 21:08:33
G-DSKI.bmp,31/08/2020 21:30:56
G-IPJF.bmp,31/08/2020 21:05:48
G-NELS.bmp,31/08/2020 10:46:44
G-VOUS.bmp,30/08/2020 23:16:39
G-BCKS.bmp,30/08/2020 23:02:25
G-ATSZ.bmp,30/08/2020 22:44:34
G-BERI.bmp,30/08/2020 22:27:01
G-DENS.bmp,30/08/2020 21:48:53
G-BBAX.bmp,30/08/2020 21:26:48
G-CTIO.bmp,30/08/2020 18:50:54
G-PEJM.bmp,30/08/2020 16:01:01
G-GAOH.bmp,30/08/2020 15:49:23
N700CS.bmp,30/08/2020 15:38:45
N67JK.bmp,30/08/2020 15:23:36
G-BLMP.bmp,30/08/2020 13:07:55
N5839P.bmp,30/08/2020 12:56:18
G-BRFB.bmp,30/08/2020 12:43:08
G-CIPG.bmp,30/08/2020 11:32:20
G-BPWR.bmp,30/08/2020 10:24:10
G-CBVX.bmp,30/08/2020 10:15:17
G-BBNZ.bmp,29/08/2020 16:52:48
G-NUKA.bmp,29/08/2020 16:34:28
G-BNSM.bmp,29/08/2020 16:15:58
G-BOUK.bmp,29/08/2020 12:14:43
N71UK.bmp,29/08/2020 11:41:03
G-PHAB.bmp,29/08/2020 11:29:14
G-BNVB.bmp,29/08/2020 11:16:50
G-LOSY.bmp,29/08/2020 09:45:25
2-ZIVA.bmp,29/08/2020 09:30:17
G-CFHP.bmp,29/08/2020 09:19:35
G-JRER.bmp,29/08/2020 09:00:46
G-CZOS.bmp,29/08/2020 08:30:43
G-WMTM.bmp,28/08/2020 22:17:56
G-IIID.bmp,28/08/2020 21:58:10
G-EMLE.bmp,28/08/2020 21:42:17
G-CIMS.bmp,28/08/2020 21:26:47
G-BJBW.bmp,28/08/2020 16:50:16
N141KJ.bmp,28/08/2020 16:35:50
G-BHZH.bmp,28/08/2020 16:08:44
N120MX.bmp,28/08/2020 15:34:38
N781CD.bmp,28/08/2020 09:27:59
N821CC.bmp,27/08/2020 21:59:12
2-LOLA.bmp,26/08/2020 17:36:26
G-RVIV.bmp,25/08/2020 16:00:14
G-JLRW.bmp,24/08/2020 15:24:38
G-GHOW.bmp,24/08/2020 13:03:52
G-TAPS.bmp,23/08/2020 21:31:29
G-BZOL.bmp,23/08/2020 21:00:49
SFSG-BFDK.bmp,23/08/2020 16:31:18
CFCG-CEYH.bmp,23/08/2020 16:04:28
G-BWJG.bmp,23/08/2020 14:50:46
G-BFKB.bmp,23/08/2020 13:56:19
G-AZRZ.bmp,23/08/2020 12:14:15
N2299L.bmp,23/08/2020 10:28:59
N519SW.bmp,22/08/2020 20:59:07
N51086.bmp,22/08/2020 20:46:16
G-DSJT.bmp,22/08/2020 20:27:21
G-OGZZ.bmp,22/08/2020 20:12:48
G-CMCL.bmp,22/08/2020 18:17:59
SP-YRL.bmp,22/08/2020 17:58:39
G-BBBN.bmp,22/08/2020 16:21:36
G-JACL.bmp,22/08/2020 16:09:42
